date,time
2023-01-12,12:00:00
2023-01-12,14:00:00
2023-01-12,16:00:00
2023-01-12,18:00:00
2023-01-12,20:00:00
2023-01-12,22:00:00
2023-01-12,00:00:00
2023-01-12,02:00:00
2023-01-12,04:00:00
2023-01-12,06:00:00
2023-01-12,08:00:00
2023-01-12,10:00:00
2023-01-12,12:00:00
2023-01-12,12:00:00
2023-01-12,14:00:00
2023-01-12,16:00:00
2023-01-12,18:00:00
2023-01-12,20:00:00
2023-01-12,22:00:00
2023-01-12,00:00:00
2023-01-12,02:00:00
2023-01-12,04:00:00
2023-01-12,06:00:00
2023-01-12,08:00:00
2023-01-12,10:00:00
2023-01-12,12:00:00
